,nome_pokemon,num_pokedex,tipos,HP,atk,Def,sp_atk,sp_def,Speed,total
0,Bulbasaur,#0001,"Grass, Poison",45,49,49,65,65,45,318
1,Ivysaur,#0002,"Grass, Poison",60,62,63,80,80,60,405
2,Venusaur,#0003,"Grass, Poison",80,82,83,100,100,80,525
3,Charmander,#0004,Fire,39,52,43,60,50,65,309
4,Charmeleon,#0005,Fire,58,64,58,80,65,80,405
5,Charizard,#0006,"Fire, Flying",78,84,78,109,85,100,534
6,Squirtle,#0007,Water,44,48,65,50,64,43,314
7,Wartortle,#0008,Water,59,63,80,65,80,58,405
8,Blastoise,#0009,Water,79,83,100,85,105,78,530
9,Caterpie,#0010,Bug,45,30,35,20,20,45,195
10,Metapod,#0011,Bug,50,20,55,25,25,30,205
11,Butterfree,#0012,"Bug, Flying",60,45,50,90,80,70,395
12,Weedle,#0013,"Bug, Poison",40,35,30,20,20,50,195
13,Kakuna,#0014,"Bug, Poison",45,25,50,25,25,35,205
14,Beedrill,#0015,"Bug, Poison",65,90,40,45,80,75,395
15,Pidgey,#0016,"Normal, Flying",40,45,40,35,35,56,251
16,Pidgeotto,#0017,"Normal, Flying",63,60,55,50,50,71,349
17,Pidgeot,#0018,"Normal, Flying",83,80,75,70,70,101,479
18,Rattata,#0019,Normal,30,56,35,25,35,72,253
19,Raticate,#0020,Normal,55,81,60,50,70,97,413
20,Spearow,#0021,"Normal, Flying",40,60,30,31,31,70,262
21,Fearow,#0022,"Normal, Flying",65,90,65,61,61,100,442
22,Ekans,#0023,Poison,35,60,44,40,54,55,288
23,Arbok,#0024,Poison,60,95,69,65,79,80,448
24,Pikachu,#0025,Electric,35,55,40,50,50,90,320
25,Raichu,#0026,Electric,60,90,55,90,80,110,485
26,Sandshrew,#0027,Ground,50,75,85,20,30,40,300
27,Sandslash,#0028,Ground,75,100,110,45,55,65,450
28,Nidoran♀,#0029,Poison,55,47,52,40,40,41,275
29,Nidorina,#0030,Poison,70,62,67,55,55,56,365
30,Nidoqueen,#0031,"Poison, Ground",90,92,87,75,85,76,505
31,Nidoran♂,#0032,Poison,46,57,40,40,40,50,273
32,Nidorino,#0033,Poison,61,72,57,55,55,65,365
33,Nidoking,#0034,"Poison, Ground",81,102,77,85,75,85,505
34,Clefairy,#0035,Fairy,70,45,48,60,65,35,323
35,Clefable,#0036,Fairy,95,70,73,95,90,60,483
36,Vulpix,#0037,Fire,38,41,40,50,65,65,299
37,Ninetales,#0038,Fire,73,76,75,81,100,100,505
38,Jigglypuff,#0039,"Normal, Fairy",115,45,20,45,25,20,270
39,Wigglytuff,#0040,"Normal, Fairy",140,70,45,85,50,45,435
40,Zubat,#0041,"Poison, Flying",40,45,35,30,40,55,245
41,Golbat,#0042,"Poison, Flying",75,80,70,65,75,90,455
42,Oddish,#0043,"Grass, Poison",45,50,55,75,65,30,320
43,Gloom,#0044,"Grass, Poison",60,65,70,85,75,40,395
44,Vileplume,#0045,"Grass, Poison",75,80,85,110,90,50,490
45,Paras,#0046,"Bug, Grass",35,70,55,45,55,25,285
46,Parasect,#0047,"Bug, Grass",60,95,80,60,80,30,405
47,Venonat,#0048,"Bug, Poison",60,55,50,40,55,45,305
48,Venomoth,#0049,"Bug, Poison",70,65,60,90,75,90,450
49,Diglett,#0050,Ground,10,55,25,35,45,95,265
50,Dugtrio,#0051,Ground,35,100,50,50,70,120,425
51,Meowth,#0052,Normal,40,45,35,40,40,90,290
52,Persian,#0053,Normal,65,70,60,65,65,115,440
53,Psyduck,#0054,Water,50,52,48,65,50,55,320
54,Golduck,#0055,Water,80,82,78,95,80,85,500
55,Mankey,#0056,Fighting,40,80,35,35,45,70,305
56,Primeape,#0057,Fighting,65,105,60,60,70,95,455
57,Growlithe,#0058,Fire,55,70,45,70,50,60,350
58,Arcanine,#0059,Fire,90,110,80,100,80,95,555
59,Poliwag,#0060,Water,40,50,40,40,40,90,300
60,Poliwhirl,#0061,Water,65,65,65,50,50,90,385
61,Poliwrath,#0062,"Water, Fighting",90,95,95,70,90,70,510
62,Abra,#0063,Psychic,25,20,15,105,55,90,310
63,Kadabra,#0064,Psychic,40,35,30,120,70,105,400
64,Alakazam,#0065,Psychic,55,50,45,135,95,120,500
65,Machop,#0066,Fighting,70,80,50,35,35,35,305
66,Machoke,#0067,Fighting,80,100,70,50,60,45,405
67,Machamp,#0068,Fighting,90,130,80,65,85,55,505
68,Bellsprout,#0069,"Grass, Poison",50,75,35,70,30,40,300
69,Weepinbell,#0070,"Grass, Poison",65,90,50,85,45,55,390
70,Victreebel,#0071,"Grass, Poison",80,105,65,100,70,70,490
71,Tentacool,#0072,"Water, Poison",40,40,35,50,100,70,335
72,Tentacruel,#0073,"Water, Poison",80,70,65,80,120,100,515
73,Geodude,#0074,"Rock, Ground",40,80,100,30,30,20,300
74,Graveler,#0075,"Rock, Ground",55,95,115,45,45,35,390
75,Golem,#0076,"Rock, Ground",80,120,130,55,65,45,495
76,Ponyta,#0077,Fire,50,85,55,65,65,90,410
77,Rapidash,#0078,Fire,65,100,70,80,80,105,500
78,Slowpoke,#0079,"Water, Psychic",90,65,65,40,40,15,315
79,Slowbro,#0080,"Water, Psychic",95,75,110,100,80,30,490
80,Magnemite,#0081,"Electric, Steel",25,35,70,95,55,45,325
81,Magneton,#0082,"Electric, Steel",50,60,95,120,70,70,465
82,Farfetch'd,#0083,"Normal, Flying",52,90,55,58,62,60,377
83,Doduo,#0084,"Normal, Flying",35,85,45,35,35,75,310
84,Dodrio,#0085,"Normal, Flying",60,110,70,60,60,110,470
85,Seel,#0086,Water,65,45,55,45,70,45,325
86,Dewgong,#0087,"Water, Ice",90,70,80,70,95,70,475
87,Grimer,#0088,Poison,80,80,50,40,50,25,325
88,Muk,#0089,Poison,105,105,75,65,100,50,500
89,Shellder,#0090,Water,30,65,100,45,25,40,305
90,Cloyster,#0091,"Water, Ice",50,95,180,85,45,70,525
91,Gastly,#0092,"Ghost, Poison",30,35,30,100,35,80,310
92,Haunter,#0093,"Ghost, Poison",45,50,45,115,55,95,405
93,Gengar,#0094,"Ghost, Poison",60,65,60,130,75,110,500
94,Onix,#0095,"Rock, Ground",35,45,160,30,45,70,385
95,Drowzee,#0096,Psychic,60,48,45,43,90,42,328
96,Hypno,#0097,Psychic,85,73,70,73,115,67,483
97,Krabby,#0098,Water,30,105,90,25,25,50,325
98,Kingler,#0099,Water,55,130,115,50,50,75,475
99,Voltorb,#0100,Electric,40,30,50,55,55,100,330
100,Electrode,#0101,Electric,60,50,70,80,80,150,490
101,Exeggcute,#0102,"Grass, Psychic",60,40,80,60,45,40,325
102,Exeggutor,#0103,"Grass, Psychic",95,95,85,125,75,55,530
103,Cubone,#0104,Ground,50,50,95,40,50,35,320
104,Marowak,#0105,Ground,60,80,110,50,80,45,425
105,Hitmonlee,#0106,Fighting,50,120,53,35,110,87,455
106,Hitmonchan,#0107,Fighting,50,105,79,35,110,76,455
107,Lickitung,#0108,Normal,90,55,75,60,75,30,385
108,Koffing,#0109,Poison,40,65,95,60,45,35,340
109,Weezing,#0110,Poison,65,90,120,85,70,60,490
110,Rhyhorn,#0111,"Ground, Rock",80,85,95,30,30,25,345
111,Rhydon,#0112,"Ground, Rock",105,130,120,45,45,40,485
112,Chansey,#0113,Normal,250,5,5,35,105,50,450
113,Tangela,#0114,Grass,65,55,115,100,40,60,435
114,Kangaskhan,#0115,Normal,105,95,80,40,80,90,490
115,Horsea,#0116,Water,30,40,70,70,25,60,295
116,Seadra,#0117,Water,55,65,95,95,45,85,440
117,Goldeen,#0118,Water,45,67,60,35,50,63,320
118,Seaking,#0119,Water,80,92,65,65,80,68,450
119,Staryu,#0120,Water,30,45,55,70,55,85,340
120,Starmie,#0121,"Water, Psychic",60,75,85,100,85,115,520
121,Mr. Mime,#0122,"Psychic, Fairy",40,45,65,100,120,90,460
122,Scyther,#0123,"Bug, Flying",70,110,80,55,80,105,500
123,Jynx,#0124,"Ice, Psychic",65,50,35,115,95,95,455
124,Electabuzz,#0125,Electric,65,83,57,95,85,105,490
125,Magmar,#0126,Fire,65,95,57,100,85,93,495
126,Pinsir,#0127,Bug,65,125,100,55,70,85,500
127,Tauros,#0128,Normal,75,100,95,40,70,110,490
128,Magikarp,#0129,Water,20,10,55,15,20,80,200
129,Gyarados,#0130,"Water, Flying",95,125,79,60,100,81,540
130,Lapras,#0131,"Water, Ice",130,85,80,85,95,60,535
131,Ditto,#0132,Normal,48,48,48,48,48,48,288
132,Eevee,#0133,Normal,55,55,50,45,65,55,325
133,Vaporeon,#0134,Water,130,65,60,110,95,65,525
134,Jolteon,#0135,Electric,65,65,60,110,95,130,525
135,Flareon,#0136,Fire,65,130,60,95,110,65,525
136,Porygon,#0137,Normal,65,60,70,85,75,40,395
137,Omanyte,#0138,"Rock, Water",35,40,100,90,55,35,355
138,Omastar,#0139,"Rock, Water",70,60,125,115,70,55,495
139,Kabuto,#0140,"Rock, Water",30,80,90,55,45,55,355
140,Kabutops,#0141,"Rock, Water",60,115,105,65,70,80,495
141,Aerodactyl,#0142,"Rock, Flying",80,105,65,60,75,130,515
142,Snorlax,#0143,Normal,160,110,65,65,110,30,540
143,Articuno,#0144,"Ice, Flying",90,85,100,95,125,85,580
144,Zapdos,#0145,"Electric, Flying",90,90,85,125,90,100,580
145,Moltres,#0146,"Fire, Flying",90,100,90,125,85,90,580
146,Dratini,#0147,Dragon,41,64,45,50,50,50,300
147,Dragonair,#0148,Dragon,61,84,65,70,70,70,420
148,Dragonite,#0149,"Dragon, Flying",91,134,95,100,100,80,600
149,Mewtwo,#0150,Psychic,106,110,90,154,90,130,680
150,Mew,#0151,Psychic,100,100,100,100,100,100,600
151,Chikorita,#0152,Grass,45,49,65,49,65,45,318
152,Bayleef,#0153,Grass,60,62,80,63,80,60,405
153,Meganium,#0154,Grass,80,82,100,83,100,80,525
154,Cyndaquil,#0155,Fire,39,52,43,60,50,65,309
155,Quilava,#0156,Fire,58,64,58,80,65,80,405
156,Typhlosion,#0157,Fire,78,84,78,109,85,100,534
157,Totodile,#0158,Water,50,65,64,44,48,43,314
158,Croconaw,#0159,Water,65,80,80,59,63,58,405
159,Feraligatr,#0160,Water,85,105,100,79,83,78,530
160,Sentret,#0161,Normal,35,46,34,35,45,20,215
161,Furret,#0162,Normal,85,76,64,45,55,90,415
162,Hoothoot,#0163,"Normal, Flying",60,30,30,36,56,50,262
163,Noctowl,#0164,"Normal, Flying",100,50,50,86,96,70,452
164,Ledyba,#0165,"Bug, Flying",40,20,30,40,80,55,265
165,Ledian,#0166,"Bug, Flying",55,35,50,55,110,85,390
166,Spinarak,#0167,"Bug, Poison",40,60,40,40,40,30,250
167,Ariados,#0168,"Bug, Poison",70,90,70,60,70,40,400
168,Crobat,#0169,"Poison, Flying",85,90,80,70,80,130,535
169,Chinchou,#0170,"Water, Electric",75,38,38,56,56,67,330
170,Lanturn,#0171,"Water, Electric",125,58,58,76,76,67,460
171,Pichu,#0172,Electric,20,40,15,35,35,60,205
172,Cleffa,#0173,Fairy,50,25,28,45,55,15,218
173,Igglybuff,#0174,"Normal, Fairy",90,30,15,40,20,15,210
174,Togepi,#0175,Fairy,35,20,65,40,65,20,245
175,Togetic,#0176,"Fairy, Flying",55,40,85,80,105,40,405
176,Natu,#0177,"Psychic, Flying",40,50,45,70,45,70,320
177,Xatu,#0178,"Psychic, Flying",65,75,70,95,70,95,470
178,Mareep,#0179,Electric,55,40,40,65,45,35,280
179,Flaaffy,#0180,Electric,70,55,55,80,60,45,365
180,Ampharos,#0181,Electric,90,75,85,115,90,55,510
181,Bellossom,#0182,Grass,75,80,95,90,100,50,490
182,Marill,#0183,"Water, Fairy",70,20,50,20,50,40,250
183,Azumarill,#0184,"Water, Fairy",100,50,80,60,80,50,420
184,Sudowoodo,#0185,Rock,70,100,115,30,65,30,410
185,Politoed,#0186,Water,90,75,75,90,100,70,500
186,Hoppip,#0187,"Grass, Flying",35,35,40,35,55,50,250
187,Skiploom,#0188,"Grass, Flying",55,45,50,45,65,80,340
188,Jumpluff,#0189,"Grass, Flying",75,55,70,55,95,110,460
189,Aipom,#0190,Normal,55,70,55,40,55,85,360
190,Sunkern,#0191,Grass,30,30,30,30,30,30,180
191,Sunflora,#0192,Grass,75,75,55,105,85,30,425
192,Yanma,#0193,"Bug, Flying",65,65,45,75,45,95,390
193,Wooper,#0194,"Water, Ground",55,45,45,25,25,15,210
194,Quagsire,#0195,"Water, Ground",95,85,85,65,65,35,430
195,Espeon,#0196,Psychic,65,65,60,130,95,110,525
196,Umbreon,#0197,Dark,95,65,110,60,130,65,525
197,Murkrow,#0198,"Dark, Flying",60,85,42,85,42,91,405
198,Slowking,#0199,"Water, Psychic",95,75,80,100,110,30,490
199,Misdreavus,#0200,Ghost,60,60,60,85,85,85,435
200,Unown,#0201,Psychic,48,72,48,72,48,48,336
201,Wobbuffet,#0202,Psychic,190,33,58,33,58,33,405
202,Girafarig,#0203,"Normal, Psychic",70,80,65,90,65,85,455
203,Pineco,#0204,Bug,50,65,90,35,35,15,290
204,Forretress,#0205,"Bug, Steel",75,90,140,60,60,40,465
205,Dunsparce,#0206,Normal,100,70,70,65,65,45,415
206,Gligar,#0207,"Ground, Flying",65,75,105,35,65,85,430
207,Steelix,#0208,"Steel, Ground",75,85,200,55,65,30,510
208,Snubbull,#0209,Fairy,60,80,50,40,40,30,300
209,Granbull,#0210,Fairy,90,120,75,60,60,45,450
210,Qwilfish,#0211,"Water, Poison",65,95,85,55,55,85,440
211,Scizor,#0212,"Bug, Steel",70,130,100,55,80,65,500
212,Shuckle,#0213,"Bug, Rock",20,10,230,10,230,5,505
213,Heracross,#0214,"Bug, Fighting",80,125,75,40,95,85,500
214,Sneasel,#0215,"Dark, Ice",55,95,55,35,75,115,430
215,Teddiursa,#0216,Normal,60,80,50,50,50,40,330
216,Ursaring,#0217,Normal,90,130,75,75,75,55,500
217,Slugma,#0218,Fire,40,40,40,70,40,20,250
218,Magcargo,#0219,"Fire, Rock",60,50,120,90,80,30,430
219,Swinub,#0220,"Ice, Ground",50,50,40,30,30,50,250
220,Piloswine,#0221,"Ice, Ground",100,100,80,60,60,50,450
221,Corsola,#0222,"Water, Rock",65,55,95,65,95,35,410
222,Remoraid,#0223,Water,35,65,35,65,35,65,300
223,Octillery,#0224,Water,75,105,75,105,75,45,480
224,Delibird,#0225,"Ice, Flying",45,55,45,65,45,75,330
225,Mantine,#0226,"Water, Flying",85,40,70,80,140,70,485
226,Skarmory,#0227,"Steel, Flying",65,80,140,40,70,70,465
227,Houndour,#0228,"Dark, Fire",45,60,30,80,50,65,330
228,Houndoom,#0229,"Dark, Fire",75,90,50,110,80,95,500
229,Kingdra,#0230,"Water, Dragon",75,95,95,95,95,85,540
230,Phanpy,#0231,Ground,90,60,60,40,40,40,330
231,Donphan,#0232,Ground,90,120,120,60,60,50,500
232,Porygon2,#0233,Normal,85,80,90,105,95,60,515
233,Stantler,#0234,Normal,73,95,62,85,65,85,465
234,Smeargle,#0235,Normal,55,20,35,20,45,75,250
235,Tyrogue,#0236,Fighting,35,35,35,35,35,35,210
236,Hitmontop,#0237,Fighting,50,95,95,35,110,70,455
237,Smoochum,#0238,"Ice, Psychic",45,30,15,85,65,65,305
238,Elekid,#0239,Electric,45,63,37,65,55,95,360
239,Magby,#0240,Fire,45,75,37,70,55,83,365
240,Miltank,#0241,Normal,95,80,105,40,70,100,490
241,Blissey,#0242,Normal,255,10,10,75,135,55,540
242,Raikou,#0243,Electric,90,85,75,115,100,115,580
243,Entei,#0244,Fire,115,115,85,90,75,100,580
244,Suicune,#0245,Water,100,75,115,90,115,85,580
245,Larvitar,#0246,"Rock, Ground",50,64,50,45,50,41,300
246,Pupitar,#0247,"Rock, Ground",70,84,70,65,70,51,410
247,Tyranitar,#0248,"Rock, Dark",100,134,110,95,100,61,600
248,Lugia,#0249,"Psychic, Flying",106,90,130,90,154,110,680
249,Ho-oh,#0250,"Fire, Flying",106,130,90,110,154,90,680
250,Celebi,#0251,"Psychic, Grass",100,100,100,100,100,100,600
251,Treecko,#0252,Grass,40,45,35,65,55,70,310
252,Grovyle,#0253,Grass,50,65,45,85,65,95,405
253,Sceptile,#0254,Grass,70,85,65,105,85,120,530
254,Torchic,#0255,Fire,45,60,40,70,50,45,310
255,Combusken,#0256,"Fire, Fighting",60,85,60,85,60,55,405
256,Blaziken,#0257,"Fire, Fighting",80,120,70,110,70,80,530
257,Mudkip,#0258,Water,50,70,50,50,50,40,310
258,Marshtomp,#0259,"Water, Ground",70,85,70,60,70,50,405
259,Swampert,#0260,"Water, Ground",100,110,90,85,90,60,535
260,Poochyena,#0261,Dark,35,55,35,30,30,35,220
261,Mightyena,#0262,Dark,70,90,70,60,60,70,420
262,Zigzagoon,#0263,Normal,38,30,41,30,41,60,240
263,Linoone,#0264,Normal,78,70,61,50,61,100,420
264,Wurmple,#0265,Bug,45,45,35,20,30,20,195
265,Silcoon,#0266,Bug,50,35,55,25,25,15,205
266,Beautifly,#0267,"Bug, Flying",60,70,50,100,50,65,395
267,Cascoon,#0268,Bug,50,35,55,25,25,15,205
268,Dustox,#0269,"Bug, Poison",60,50,70,50,90,65,385
269,Lotad,#0270,"Water, Grass",40,30,30,40,50,30,220
270,Lombre,#0271,"Water, Grass",60,50,50,60,70,50,340
271,Ludicolo,#0272,"Water, Grass",80,70,70,90,100,70,480
272,Seedot,#0273,Grass,40,40,50,30,30,30,220
273,Nuzleaf,#0274,"Grass, Dark",70,70,40,60,40,60,340
274,Shiftry,#0275,"Grass, Dark",90,100,60,90,60,80,480
275,Taillow,#0276,"Normal, Flying",40,55,30,30,30,85,270
276,Swellow,#0277,"Normal, Flying",60,85,60,75,50,125,455
277,Wingull,#0278,"Water, Flying",40,30,30,55,30,85,270
278,Pelipper,#0279,"Water, Flying",60,50,100,95,70,65,440
279,Ralts,#0280,"Psychic, Fairy",28,25,25,45,35,40,198
280,Kirlia,#0281,"Psychic, Fairy",38,35,35,65,55,50,278
281,Gardevoir,#0282,"Psychic, Fairy",68,65,65,125,115,80,518
282,Surskit,#0283,"Bug, Water",40,30,32,50,52,65,269
283,Masquerain,#0284,"Bug, Flying",70,60,62,100,82,80,454
284,Shroomish,#0285,Grass,60,40,60,40,60,35,295
285,Breloom,#0286,"Grass, Fighting",60,130,80,60,60,70,460
286,Slakoth,#0287,Normal,60,60,60,35,35,30,280
287,Vigoroth,#0288,Normal,80,80,80,55,55,90,440
288,Slaking,#0289,Normal,150,160,100,95,65,100,670
289,Nincada,#0290,"Bug, Ground",31,45,90,30,30,40,266
290,Ninjask,#0291,"Bug, Flying",61,90,45,50,50,160,456
291,Shedinja,#0292,"Bug, Ghost",1,90,45,30,30,40,236
292,Whismur,#0293,Normal,64,51,23,51,23,28,240
293,Loudred,#0294,Normal,84,71,43,71,43,48,360
294,Exploud,#0295,Normal,104,91,63,91,73,68,490
295,Makuhita,#0296,Fighting,72,60,30,20,30,25,237
296,Hariyama,#0297,Fighting,144,120,60,40,60,50,474
297,Azurill,#0298,"Normal, Fairy",50,20,40,20,40,20,190
298,Nosepass,#0299,Rock,30,45,135,45,90,30,375
299,Skitty,#0300,Normal,50,45,45,35,35,50,260
300,Delcatty,#0301,Normal,70,65,65,55,55,90,400
301,Sableye,#0302,"Dark, Ghost",50,75,75,65,65,50,380
302,Mawile,#0303,"Steel, Fairy",50,85,85,55,55,50,380
303,Aron,#0304,"Steel, Rock",50,70,100,40,40,30,330
304,Lairon,#0305,"Steel, Rock",60,90,140,50,50,40,430
305,Aggron,#0306,"Steel, Rock",70,110,180,60,60,50,530
306,Meditite,#0307,"Fighting, Psychic",30,40,55,40,55,60,280
307,Medicham,#0308,"Fighting, Psychic",60,60,75,60,75,80,410
308,Electrike,#0309,Electric,40,45,40,65,40,65,295
309,Manectric,#0310,Electric,70,75,60,105,60,105,475
310,Plusle,#0311,Electric,60,50,40,85,75,95,405
311,Minun,#0312,Electric,60,40,50,75,85,95,405
312,Volbeat,#0313,Bug,65,73,75,47,85,85,430
313,Illumise,#0314,Bug,65,47,75,73,85,85,430
314,Roselia,#0315,"Grass, Poison",50,60,45,100,80,65,400
315,Gulpin,#0316,Poison,70,43,53,43,53,40,302
316,Swalot,#0317,Poison,100,73,83,73,83,55,467
317,Carvanha,#0318,"Water, Dark",45,90,20,65,20,65,305
318,Sharpedo,#0319,"Water, Dark",70,120,40,95,40,95,460
319,Wailmer,#0320,Water,130,70,35,70,35,60,400
320,Wailord,#0321,Water,170,90,45,90,45,60,500
321,Numel,#0322,"Fire, Ground",60,60,40,65,45,35,305
322,Camerupt,#0323,"Fire, Ground",70,100,70,105,75,40,460
323,Torkoal,#0324,Fire,70,85,140,85,70,20,470
324,Spoink,#0325,Psychic,60,25,35,70,80,60,330
325,Grumpig,#0326,Psychic,80,45,65,90,110,80,470
326,Spinda,#0327,Normal,60,60,60,60,60,60,360
327,Trapinch,#0328,Ground,45,100,45,45,45,10,290
328,Vibrava,#0329,"Ground, Dragon",50,70,50,50,50,70,340
329,Flygon,#0330,"Ground, Dragon",80,100,80,80,80,100,520
330,Cacnea,#0331,Grass,50,85,40,85,40,35,335
331,Cacturne,#0332,"Grass, Dark",70,115,60,115,60,55,475
332,Swablu,#0333,"Normal, Flying",45,40,60,40,75,50,310
333,Altaria,#0334,"Dragon, Flying",75,70,90,70,105,80,490
334,Zangoose,#0335,Normal,73,115,60,60,60,90,458
335,Seviper,#0336,Poison,73,100,60,100,60,65,458
336,Lunatone,#0337,"Rock, Psychic",90,55,65,95,85,70,460
337,Solrock,#0338,"Rock, Psychic",90,95,85,55,65,70,460
338,Barboach,#0339,"Water, Ground",50,48,43,46,41,60,288
339,Whiscash,#0340,"Water, Ground",110,78,73,76,71,60,468
340,Corphish,#0341,Water,43,80,65,50,35,35,308
341,Crawdaunt,#0342,"Water, Dark",63,120,85,90,55,55,468
342,Baltoy,#0343,"Ground, Psychic",40,40,55,40,70,55,300
343,Claydol,#0344,"Ground, Psychic",60,70,105,70,120,75,500
344,Lileep,#0345,"Rock, Grass",66,41,77,61,87,23,355
345,Cradily,#0346,"Rock, Grass",86,81,97,81,107,43,495
346,Anorith,#0347,"Rock, Bug",45,95,50,40,50,75,355
347,Armaldo,#0348,"Rock, Bug",75,125,100,70,80,45,495
348,Feebas,#0349,Water,20,15,20,10,55,80,200
349,Milotic,#0350,Water,95,60,79,100,125,81,540
350,Castform,#0351,Normal,70,70,70,70,70,70,420
351,Kecleon,#0352,Normal,60,90,70,60,120,40,440
352,Shuppet,#0353,Ghost,44,75,35,63,33,45,295
353,Banette,#0354,Ghost,64,115,65,83,63,65,455
354,Duskull,#0355,Ghost,20,40,90,30,90,25,295
355,Dusclops,#0356,Ghost,40,70,130,60,130,25,455
356,Tropius,#0357,"Grass, Flying",99,68,83,72,87,51,460
357,Chimecho,#0358,Psychic,75,50,80,95,90,65,455
358,Absol,#0359,Dark,65,130,60,75,60,75,465
359,Wynaut,#0360,Psychic,95,23,48,23,48,23,260
360,Snorunt,#0361,Ice,50,50,50,50,50,50,300
361,Glalie,#0362,Ice,80,80,80,80,80,80,480
362,Spheal,#0363,"Ice, Water",70,40,50,55,50,25,290
363,Sealeo,#0364,"Ice, Water",90,60,70,75,70,45,410
364,Walrein,#0365,"Ice, Water",110,80,90,95,90,65,530
365,Clamperl,#0366,Water,35,64,85,74,55,32,345
366,Huntail,#0367,Water,55,104,105,94,75,52,485
367,Gorebyss,#0368,Water,55,84,105,114,75,52,485
368,Relicanth,#0369,"Water, Rock",100,90,130,45,65,55,485
369,Luvdisc,#0370,Water,43,30,55,40,65,97,330
370,Bagon,#0371,Dragon,45,75,60,40,30,50,300
371,Shelgon,#0372,Dragon,65,95,100,60,50,50,420
372,Salamence,#0373,"Dragon, Flying",95,135,80,110,80,100,600
373,Beldum,#0374,"Steel, Psychic",40,55,80,35,60,30,300
374,Metang,#0375,"Steel, Psychic",60,75,100,55,80,50,420
375,Metagross,#0376,"Steel, Psychic",80,135,130,95,90,70,600
376,Regirock,#0377,Rock,80,100,200,50,100,50,580
377,Regice,#0378,Ice,80,50,100,100,200,50,580
378,Registeel,#0379,Steel,80,75,150,75,150,50,580
379,Latias,#0380,"Dragon, Psychic",80,80,90,110,130,110,600
380,Latios,#0381,"Dragon, Psychic",80,90,80,130,110,110,600
381,Kyogre,#0382,Water,100,100,90,150,140,90,670
382,Groudon,#0383,Ground,100,150,140,100,90,90,670
383,Rayquaza,#0384,"Dragon, Flying",105,150,90,150,90,95,680
384,Jirachi,#0385,"Steel, Psychic",100,100,100,100,100,100,600
385,Deoxys,#0386,Psychic,50,150,50,150,50,150,600
386,Turtwig,#0387,Grass,55,68,64,45,55,31,318
387,Grotle,#0388,Grass,75,89,85,55,65,36,405
388,Torterra,#0389,"Grass, Ground",95,109,105,75,85,56,525
389,Chimchar,#0390,Fire,44,58,44,58,44,61,309
390,Monferno,#0391,"Fire, Fighting",64,78,52,78,52,81,405
391,Infernape,#0392,"Fire, Fighting",76,104,71,104,71,108,534
392,Piplup,#0393,Water,53,51,53,61,56,40,314
393,Prinplup,#0394,Water,64,66,68,81,76,50,405
394,Empoleon,#0395,"Water, Steel",84,86,88,111,101,60,530
395,Starly,#0396,"Normal, Flying",40,55,30,30,30,60,245
396,Staravia,#0397,"Normal, Flying",55,75,50,40,40,80,340
397,Staraptor,#0398,"Normal, Flying",85,120,70,50,60,100,485
398,Bidoof,#0399,Normal,59,45,40,35,40,31,250
399,Bibarel,#0400,"Normal, Water",79,85,60,55,60,71,410
400,Kricketot,#0401,Bug,37,25,41,25,41,25,194
401,Kricketune,#0402,Bug,77,85,51,55,51,65,384
402,Shinx,#0403,Electric,45,65,34,40,34,45,263
403,Luxio,#0404,Electric,60,85,49,60,49,60,363
404,Luxray,#0405,Electric,80,120,79,95,79,70,523
405,Budew,#0406,"Grass, Poison",40,30,35,50,70,55,280
406,Roserade,#0407,"Grass, Poison",60,70,65,125,105,90,515
407,Cranidos,#0408,Rock,67,125,40,30,30,58,350
408,Rampardos,#0409,Rock,97,165,60,65,50,58,495
409,Shieldon,#0410,"Rock, Steel",30,42,118,42,88,30,350
410,Bastiodon,#0411,"Rock, Steel",60,52,168,47,138,30,495
411,Burmy,#0412,Bug,40,29,45,29,45,36,224
412,Wormadam,#0413,"Bug, Grass",60,59,85,79,105,36,424
413,Mothim,#0414,"Bug, Flying",70,94,50,94,50,66,424
414,Combee,#0415,"Bug, Flying",30,30,42,30,42,70,244
415,Vespiquen,#0416,"Bug, Flying",70,80,102,80,102,40,474
416,Pachirisu,#0417,Electric,60,45,70,45,90,95,405
417,Buizel,#0418,Water,55,65,35,60,30,85,330
418,Floatzel,#0419,Water,85,105,55,85,50,115,495
419,Cherubi,#0420,Grass,45,35,45,62,53,35,275
420,Cherrim,#0421,Grass,70,60,70,87,78,85,450
421,Shellos,#0422,Water,76,48,48,57,62,34,325
422,Gastrodon,#0423,"Water, Ground",111,83,68,92,82,39,475
423,Ambipom,#0424,Normal,75,100,66,60,66,115,482
424,Drifloon,#0425,"Ghost, Flying",90,50,34,60,44,70,348
425,Drifblim,#0426,"Ghost, Flying",150,80,44,90,54,80,498
426,Buneary,#0427,Normal,55,66,44,44,56,85,350
427,Lopunny,#0428,Normal,65,76,84,54,96,105,480
428,Mismagius,#0429,Ghost,60,60,60,105,105,105,495
429,Honchkrow,#0430,"Dark, Flying",100,125,52,105,52,71,505
430,Glameow,#0431,Normal,49,55,42,42,37,85,310
431,Purugly,#0432,Normal,71,82,64,64,59,112,452
432,Chingling,#0433,Psychic,45,30,50,65,50,45,285
433,Stunky,#0434,"Poison, Dark",63,63,47,41,41,74,329
434,Skuntank,#0435,"Poison, Dark",103,93,67,71,61,84,479
435,Bronzor,#0436,"Steel, Psychic",57,24,86,24,86,23,300
436,Bronzong,#0437,"Steel, Psychic",67,89,116,79,116,33,500
437,Bonsly,#0438,Rock,50,80,95,10,45,10,290
438,Mime Jr.,#0439,"Psychic, Fairy",20,25,45,70,90,60,310
439,Happiny,#0440,Normal,100,5,5,15,65,30,220
440,Chatot,#0441,"Normal, Flying",76,65,45,92,42,91,411
441,Spiritomb,#0442,"Ghost, Dark",50,92,108,92,108,35,485
442,Gible,#0443,"Dragon, Ground",58,70,45,40,45,42,300
443,Gabite,#0444,"Dragon, Ground",68,90,65,50,55,82,410
444,Garchomp,#0445,"Dragon, Ground",108,130,95,80,85,102,600
445,Munchlax,#0446,Normal,135,85,40,40,85,5,390
446,Riolu,#0447,Fighting,40,70,40,35,40,60,285
447,Lucario,#0448,"Fighting, Steel",70,110,70,115,70,90,525
448,Hippopotas,#0449,Ground,68,72,78,38,42,32,330
449,Hippowdon,#0450,Ground,108,112,118,68,72,47,525
450,Skorupi,#0451,"Poison, Bug",40,50,90,30,55,65,330
451,Drapion,#0452,"Poison, Dark",70,90,110,60,75,95,500
452,Croagunk,#0453,"Poison, Fighting",48,61,40,61,40,50,300
453,Toxicroak,#0454,"Poison, Fighting",83,106,65,86,65,85,490
454,Carnivine,#0455,Grass,74,100,72,90,72,46,454
455,Finneon,#0456,Water,49,49,56,49,61,66,330
456,Lumineon,#0457,Water,69,69,76,69,86,91,460
457,Mantyke,#0458,"Water, Flying",45,20,50,60,120,50,345
458,Snover,#0459,"Grass, Ice",60,62,50,62,60,40,334
459,Abomasnow,#0460,"Grass, Ice",90,92,75,92,85,60,494
460,Weavile,#0461,"Dark, Ice",70,120,65,45,85,125,510
461,Magnezone,#0462,"Electric, Steel",70,70,115,130,90,60,535
462,Lickilicky,#0463,Normal,110,85,95,80,95,50,515
463,Rhyperior,#0464,"Ground, Rock",115,140,130,55,55,40,535
464,Tangrowth,#0465,Grass,100,100,125,110,50,50,535
465,Electivire,#0466,Electric,75,123,67,95,85,95,540
466,Magmortar,#0467,Fire,75,95,67,125,95,83,540
467,Togekiss,#0468,"Fairy, Flying",85,50,95,120,115,80,545
468,Yanmega,#0469,"Bug, Flying",86,76,86,116,56,95,515
469,Leafeon,#0470,Grass,65,110,130,60,65,95,525
470,Glaceon,#0471,Ice,65,60,110,130,95,65,525
471,Gliscor,#0472,"Ground, Flying",75,95,125,45,75,95,510
472,Mamoswine,#0473,"Ice, Ground",110,130,80,70,60,80,530
473,Porygon-Z,#0474,Normal,85,80,70,135,75,90,535
474,Gallade,#0475,"Psychic, Fighting",68,125,65,65,115,80,518
475,Probopass,#0476,"Rock, Steel",60,55,145,75,150,40,525
476,Dusknoir,#0477,Ghost,45,100,135,65,135,45,525
477,Froslass,#0478,"Ice, Ghost",70,80,70,80,70,110,480
478,Rotom,#0479,"Electric, Ghost",50,50,77,95,77,91,440
479,Uxie,#0480,Psychic,75,75,130,75,130,95,580
480,Mesprit,#0481,Psychic,80,105,105,105,105,80,580
481,Azelf,#0482,Psychic,75,125,70,125,70,115,580
482,Dialga,#0483,"Steel, Dragon",100,120,120,150,100,90,680
483,Palkia,#0484,"Water, Dragon",90,120,100,150,120,100,680
484,Heatran,#0485,"Fire, Steel",91,90,106,130,106,77,600
485,Regigigas,#0486,Normal,110,160,110,80,110,100,670
486,Giratina,#0487,"Ghost, Dragon",150,100,120,100,120,90,680
487,Cresselia,#0488,Psychic,120,70,110,75,120,85,580
488,Phione,#0489,Water,80,80,80,80,80,80,480
489,Manaphy,#0490,Water,100,100,100,100,100,100,600
490,Darkrai,#0491,Dark,70,90,90,135,90,125,600
491,Shaymin,#0492,Grass,100,100,100,100,100,100,600
492,Arceus,#0493,Normal,120,120,120,120,120,120,720
493,Victini,#0494,"Psychic, Fire",100,100,100,100,100,100,600
494,Snivy,#0495,Grass,45,45,55,45,55,63,308
495,Servine,#0496,Grass,60,60,75,60,75,83,413
496,Serperior,#0497,Grass,75,75,95,75,95,113,528
497,Tepig,#0498,Fire,65,63,45,45,45,45,308
498,Pignite,#0499,"Fire, Fighting",90,93,55,70,55,55,418
499,Emboar,#0500,"Fire, Fighting",110,123,65,100,65,65,528
500,Oshawott,#0501,Water,55,55,45,63,45,45,308
501,Dewott,#0502,Water,75,75,60,83,60,60,413
502,Samurott,#0503,Water,95,100,85,108,70,70,528
503,Patrat,#0504,Normal,45,55,39,35,39,42,255
504,Watchog,#0505,Normal,60,85,69,60,69,77,420
505,Lillipup,#0506,Normal,45,60,45,25,45,55,275
506,Herdier,#0507,Normal,65,80,65,35,65,60,370
507,Stoutland,#0508,Normal,85,110,90,45,90,80,500
508,Purrloin,#0509,Dark,41,50,37,50,37,66,281
509,Liepard,#0510,Dark,64,88,50,88,50,106,446
510,Pansage,#0511,Grass,50,53,48,53,48,64,316
511,Simisage,#0512,Grass,75,98,63,98,63,101,498
512,Pansear,#0513,Fire,50,53,48,53,48,64,316
513,Simisear,#0514,Fire,75,98,63,98,63,101,498
514,Panpour,#0515,Water,50,53,48,53,48,64,316
515,Simipour,#0516,Water,75,98,63,98,63,101,498
516,Munna,#0517,Psychic,76,25,45,67,55,24,292
517,Musharna,#0518,Psychic,116,55,85,107,95,29,487
518,Pidove,#0519,"Normal, Flying",50,55,50,36,30,43,264
519,Tranquill,#0520,"Normal, Flying",62,77,62,50,42,65,358
520,Unfezant,#0521,"Normal, Flying",80,115,80,65,55,93,488
521,Blitzle,#0522,Electric,45,60,32,50,32,76,295
522,Zebstrika,#0523,Electric,75,100,63,80,63,116,497
523,Roggenrola,#0524,Rock,55,75,85,25,25,15,280
524,Boldore,#0525,Rock,70,105,105,50,40,20,390
525,Gigalith,#0526,Rock,85,135,130,60,80,25,515
526,Woobat,#0527,"Psychic, Flying",65,45,43,55,43,72,323
527,Swoobat,#0528,"Psychic, Flying",67,57,55,77,55,114,425
528,Drilbur,#0529,Ground,60,85,40,30,45,68,328
529,Excadrill,#0530,"Ground, Steel",110,135,60,50,65,88,508
530,Audino,#0531,Normal,103,60,86,60,86,50,445
531,Timburr,#0532,Fighting,75,80,55,25,35,35,305
532,Gurdurr,#0533,Fighting,85,105,85,40,50,40,405
533,Conkeldurr,#0534,Fighting,105,140,95,55,65,45,505
534,Tympole,#0535,Water,50,50,40,50,40,64,294
535,Palpitoad,#0536,"Water, Ground",75,65,55,65,55,69,384
536,Seismitoad,#0537,"Water, Ground",105,95,75,85,75,74,509
537,Throh,#0538,Fighting,120,100,85,30,85,45,465
538,Sawk,#0539,Fighting,75,125,75,30,75,85,465
539,Sewaddle,#0540,"Bug, Grass",45,53,70,40,60,42,310
540,Swadloon,#0541,"Bug, Grass",55,63,90,50,80,42,380
541,Leavanny,#0542,"Bug, Grass",75,103,80,70,80,92,500
542,Venipede,#0543,"Bug, Poison",30,45,59,30,39,57,260
543,Whirlipede,#0544,"Bug, Poison",40,55,99,40,79,47,360
544,Scolipede,#0545,"Bug, Poison",60,100,89,55,69,112,485
545,Cottonee,#0546,"Grass, Fairy",40,27,60,37,50,66,280
546,Whimsicott,#0547,"Grass, Fairy",60,67,85,77,75,116,480
547,Petilil,#0548,Grass,45,35,50,70,50,30,280
548,Lilligant,#0549,Grass,70,60,75,110,75,90,480
549,Basculin,#0550,Water,70,92,65,80,55,98,460
550,Sandile,#0551,"Ground, Dark",50,72,35,35,35,65,292
551,Krokorok,#0552,"Ground, Dark",60,82,45,45,45,74,351
552,Krookodile,#0553,"Ground, Dark",95,117,80,65,70,92,519
553,Darumaka,#0554,Fire,70,90,45,15,45,50,315
554,Darmanitan,#0555,Fire,105,140,55,30,55,95,480
555,Maractus,#0556,Grass,75,86,67,106,67,60,461
556,Dwebble,#0557,"Bug, Rock",50,65,85,35,35,55,325
557,Crustle,#0558,"Bug, Rock",70,105,125,65,75,45,485
558,Scraggy,#0559,"Dark, Fighting",50,75,70,35,70,48,348
559,Scrafty,#0560,"Dark, Fighting",65,90,115,45,115,58,488
560,Sigilyph,#0561,"Psychic, Flying",72,58,80,103,80,97,490
561,Yamask,#0562,Ghost,38,30,85,55,65,30,303
562,Cofagrigus,#0563,Ghost,58,50,145,95,105,30,483
563,Tirtouga,#0564,"Water, Rock",54,78,103,53,45,22,355
564,Carracosta,#0565,"Water, Rock",74,108,133,83,65,32,495
565,Archen,#0566,"Rock, Flying",55,112,45,74,45,70,401
566,Archeops,#0567,"Rock, Flying",75,140,65,112,65,110,567
567,Trubbish,#0568,Poison,50,50,62,40,62,65,329
568,Garbodor,#0569,Poison,80,95,82,60,82,75,474
569,Zorua,#0570,Dark,40,65,40,80,40,65,330
570,Zoroark,#0571,Dark,60,105,60,120,60,105,510
571,Minccino,#0572,Normal,55,50,40,40,40,75,300
572,Cinccino,#0573,Normal,75,95,60,65,60,115,470
573,Gothita,#0574,Psychic,45,30,50,55,65,45,290
574,Gothorita,#0575,Psychic,60,45,70,75,85,55,390
575,Gothitelle,#0576,Psychic,70,55,95,95,110,65,490
576,Solosis,#0577,Psychic,45,30,40,105,50,20,290
577,Duosion,#0578,Psychic,65,40,50,125,60,30,370
578,Reuniclus,#0579,Psychic,110,65,75,125,85,30,490
579,Ducklett,#0580,"Water, Flying",62,44,50,44,50,55,305
580,Swanna,#0581,"Water, Flying",75,87,63,87,63,98,473
581,Vanillite,#0582,Ice,36,50,50,65,60,44,305
582,Vanillish,#0583,Ice,51,65,65,80,75,59,395
583,Vanilluxe,#0584,Ice,71,95,85,110,95,79,535
584,Deerling,#0585,"Normal, Grass",60,60,50,40,50,75,335
585,Sawsbuck,#0586,"Normal, Grass",80,100,70,60,70,95,475
586,Emolga,#0587,"Electric, Flying",55,75,60,75,60,103,428
587,Karrablast,#0588,Bug,50,75,45,40,45,60,315
588,Escavalier,#0589,"Bug, Steel",70,135,105,60,105,20,495
589,Foongus,#0590,"Grass, Poison",69,55,45,55,55,15,294
590,Amoonguss,#0591,"Grass, Poison",114,85,70,85,80,30,464
591,Frillish,#0592,"Water, Ghost",55,40,50,65,85,40,335
592,Jellicent,#0593,"Water, Ghost",100,60,70,85,105,60,480
593,Alomomola,#0594,Water,165,75,80,40,45,65,470
594,Joltik,#0595,"Bug, Electric",50,47,50,57,50,65,319
595,Galvantula,#0596,"Bug, Electric",70,77,60,97,60,108,472
596,Ferroseed,#0597,"Grass, Steel",44,50,91,24,86,10,305
597,Ferrothorn,#0598,"Grass, Steel",74,94,131,54,116,20,489
598,Klink,#0599,Steel,40,55,70,45,60,30,300
599,Klang,#0600,Steel,60,80,95,70,85,50,440
600,Klinklang,#0601,Steel,60,100,115,70,85,90,520
601,Tynamo,#0602,Electric,35,55,40,45,40,60,275
602,Eelektrik,#0603,Electric,65,85,70,75,70,40,405
603,Eelektross,#0604,Electric,85,115,80,105,80,50,515
604,Elgyem,#0605,Psychic,55,55,55,85,55,30,335
605,Beheeyem,#0606,Psychic,75,75,75,125,95,40,485
606,Litwick,#0607,"Ghost, Fire",50,30,55,65,55,20,275
607,Lampent,#0608,"Ghost, Fire",60,40,60,95,60,55,370
608,Chandelure,#0609,"Ghost, Fire",60,55,90,145,90,80,520
609,Axew,#0610,Dragon,46,87,60,30,40,57,320
610,Fraxure,#0611,Dragon,66,117,70,40,50,67,410
611,Haxorus,#0612,Dragon,76,147,90,60,70,97,540
612,Cubchoo,#0613,Ice,55,70,40,60,40,40,305
613,Beartic,#0614,Ice,95,130,80,70,80,50,505
614,Cryogonal,#0615,Ice,80,50,50,95,135,105,515
615,Shelmet,#0616,Bug,50,40,85,40,65,25,305
616,Accelgor,#0617,Bug,80,70,40,100,60,145,495
617,Stunfisk,#0618,"Ground, Electric",109,66,84,81,99,32,471
618,Mienfoo,#0619,Fighting,45,85,50,55,50,65,350
619,Mienshao,#0620,Fighting,65,125,60,95,60,105,510
620,Druddigon,#0621,Dragon,77,120,90,60,90,48,485
621,Golett,#0622,"Ground, Ghost",59,74,50,35,50,35,303
622,Golurk,#0623,"Ground, Ghost",89,124,80,55,80,55,483
623,Pawniard,#0624,"Dark, Steel",45,85,70,40,40,60,340
624,Bisharp,#0625,"Dark, Steel",65,125,100,60,70,70,490
625,Bouffalant,#0626,Normal,95,110,95,40,95,55,490
626,Rufflet,#0627,"Normal, Flying",70,83,50,37,50,60,350
627,Braviary,#0628,"Normal, Flying",100,123,75,57,75,80,510
628,Vullaby,#0629,"Dark, Flying",70,55,75,45,65,60,370
629,Mandibuzz,#0630,"Dark, Flying",110,65,105,55,95,80,510
630,Heatmor,#0631,Fire,85,97,66,105,66,65,484
631,Durant,#0632,"Bug, Steel",58,109,112,48,48,109,484
632,Deino,#0633,"Dark, Dragon",52,65,50,45,50,38,300
633,Zweilous,#0634,"Dark, Dragon",72,85,70,65,70,58,420
634,Hydreigon,#0635,"Dark, Dragon",92,105,90,125,90,98,600
635,Larvesta,#0636,"Bug, Fire",55,85,55,50,55,60,360
636,Volcarona,#0637,"Bug, Fire",85,60,65,135,105,100,550
637,Cobalion,#0638,"Steel, Fighting",91,90,129,90,72,108,580
638,Terrakion,#0639,"Rock, Fighting",91,129,90,72,90,108,580
639,Virizion,#0640,"Grass, Fighting",91,90,72,90,129,108,580
640,Tornadus,#0641,Flying,79,115,70,125,80,111,580
641,Thundurus,#0642,"Electric, Flying",79,115,70,125,80,111,580
642,Reshiram,#0643,"Dragon, Fire",100,120,100,150,120,90,680
643,Zekrom,#0644,"Dragon, Electric",100,150,120,120,100,90,680
644,Landorus,#0645,"Ground, Flying",89,125,90,115,80,101,600
645,Kyurem,#0646,"Dragon, Ice",125,130,90,130,90,95,660
646,Keldeo,#0647,"Water, Fighting",91,72,90,129,90,108,580
647,Meloetta,#0648,"Normal, Psychic",100,77,77,128,128,90,600
648,Genesect,#0649,"Bug, Steel",71,120,95,120,95,99,600
649,Chespin,#0650,Grass,56,61,65,48,45,38,313
650,Quilladin,#0651,Grass,61,78,95,56,58,57,405
651,Chesnaught,#0652,"Grass, Fighting",88,107,122,74,75,64,530
652,Fennekin,#0653,Fire,40,45,40,62,60,60,307
653,Braixen,#0654,Fire,59,59,58,90,70,73,409
654,Delphox,#0655,"Fire, Psychic",75,69,72,114,100,104,534
655,Froakie,#0656,Water,41,56,40,62,44,71,314
656,Frogadier,#0657,Water,54,63,52,83,56,97,405
657,Greninja,#0658,"Water, Dark",72,95,67,103,71,122,530
658,Bunnelby,#0659,Normal,38,36,38,32,36,57,237
659,Diggersby,#0660,"Normal, Ground",85,56,77,50,77,78,423
660,Fletchling,#0661,"Normal, Flying",45,50,43,40,38,62,278
661,Fletchinder,#0662,"Fire, Flying",62,73,55,56,52,84,382
662,Talonflame,#0663,"Fire, Flying",78,81,71,74,69,126,499
663,Scatterbug,#0664,Bug,38,35,40,27,25,35,200
664,Spewpa,#0665,Bug,45,22,60,27,30,29,213
665,Vivillon,#0666,"Bug, Flying",80,52,50,90,50,89,411
666,Litleo,#0667,"Fire, Normal",62,50,58,73,54,72,369
667,Pyroar,#0668,"Fire, Normal",86,68,72,109,66,106,507
668,Flabébé,#0669,Fairy,44,38,39,61,79,42,303
669,Floette,#0670,Fairy,54,45,47,75,98,52,371
670,Florges,#0671,Fairy,78,65,68,112,154,75,552
671,Skiddo,#0672,Grass,66,65,48,62,57,52,350
672,Gogoat,#0673,Grass,123,100,62,97,81,68,531
673,Pancham,#0674,Fighting,67,82,62,46,48,43,348
674,Pangoro,#0675,"Fighting, Dark",95,124,78,69,71,58,495
675,Furfrou,#0676,Normal,75,80,60,65,90,102,472
676,Espurr,#0677,Psychic,62,48,54,63,60,68,355
677,Meowstic,#0678,Psychic,74,48,76,83,81,104,466
678,Honedge,#0679,"Steel, Ghost",45,80,100,35,37,28,325
679,Doublade,#0680,"Steel, Ghost",59,110,150,45,49,35,448
680,Aegislash,#0681,"Steel, Ghost",60,50,140,50,140,60,500
681,Spritzee,#0682,Fairy,78,52,60,63,65,23,341
682,Aromatisse,#0683,Fairy,101,72,72,99,89,29,462
683,Swirlix,#0684,Fairy,62,48,66,59,57,49,341
684,Slurpuff,#0685,Fairy,82,80,86,85,75,72,480
685,Inkay,#0686,"Dark, Psychic",53,54,53,37,46,45,288
686,Malamar,#0687,"Dark, Psychic",86,92,88,68,75,73,482
687,Binacle,#0688,"Rock, Water",42,52,67,39,56,50,306
688,Barbaracle,#0689,"Rock, Water",72,105,115,54,86,68,500
689,Skrelp,#0690,"Poison, Water",50,60,60,60,60,30,320
690,Dragalge,#0691,"Poison, Dragon",65,75,90,97,123,44,494
691,Clauncher,#0692,Water,50,53,62,58,63,44,330
692,Clawitzer,#0693,Water,71,73,88,120,89,59,500
693,Helioptile,#0694,"Electric, Normal",44,38,33,61,43,70,289
694,Heliolisk,#0695,"Electric, Normal",62,55,52,109,94,109,481
695,Tyrunt,#0696,"Rock, Dragon",58,89,77,45,45,48,362
696,Tyrantrum,#0697,"Rock, Dragon",82,121,119,69,59,71,521
697,Amaura,#0698,"Rock, Ice",77,59,50,67,63,46,362
698,Aurorus,#0699,"Rock, Ice",123,77,72,99,92,58,521
699,Sylveon,#0700,Fairy,95,65,65,110,130,60,525
700,Hawlucha,#0701,"Fighting, Flying",78,92,75,74,63,118,500
701,Dedenne,#0702,"Electric, Fairy",67,58,57,81,67,101,431
702,Carbink,#0703,"Rock, Fairy",50,50,150,50,150,50,500
703,Goomy,#0704,Dragon,45,50,35,55,75,40,300
704,Sliggoo,#0705,Dragon,68,75,53,83,113,60,452
705,Goodra,#0706,Dragon,90,100,70,110,150,80,600
706,Klefki,#0707,"Steel, Fairy",57,80,91,80,87,75,470
707,Phantump,#0708,"Ghost, Grass",43,70,48,50,60,38,309
708,Trevenant,#0709,"Ghost, Grass",85,110,76,65,82,56,474
709,Pumpkaboo,#0710,"Ghost, Grass",49,66,70,44,55,51,335
710,Gourgeist,#0711,"Ghost, Grass",65,90,122,58,75,84,494
711,Bergmite,#0712,Ice,55,69,85,32,35,28,304
712,Avalugg,#0713,Ice,95,117,184,44,46,28,514
713,Noibat,#0714,"Flying, Dragon",40,30,35,45,40,55,245
714,Noivern,#0715,"Flying, Dragon",85,70,80,97,80,123,535
715,Xerneas,#0716,Fairy,126,131,95,131,98,99,680
716,Yveltal,#0717,"Dark, Flying",126,131,95,131,98,99,680
717,Zygarde,#0718,"Dragon, Ground",108,100,121,81,95,95,600
718,Diancie,#0719,"Rock, Fairy",50,100,150,100,150,50,600
719,Hoopa,#0720,"Psychic, Ghost",80,110,60,150,130,70,600
720,Volcanion,#0721,"Fire, Water",80,110,120,130,90,70,600
721,Rowlet,#0722,"Grass, Flying",68,55,55,50,50,42,320
722,Dartrix,#0723,"Grass, Flying",78,75,75,70,70,52,420
723,Decidueye,#0724,"Grass, Ghost",78,107,75,100,100,70,530
724,Litten,#0725,Fire,45,65,40,60,40,70,320
725,Torracat,#0726,Fire,65,85,50,80,50,90,420
726,Incineroar,#0727,"Fire, Dark",95,115,90,80,90,60,530
727,Popplio,#0728,Water,50,54,54,66,56,40,320
728,Brionne,#0729,Water,60,69,69,91,81,50,420
729,Primarina,#0730,"Water, Fairy",80,74,74,126,116,60,530
730,Pikipek,#0731,"Normal, Flying",35,75,30,30,30,65,265
731,Trumbeak,#0732,"Normal, Flying",55,85,50,40,50,75,355
732,Toucannon,#0733,"Normal, Flying",80,120,75,75,75,60,485
733,Yungoos,#0734,Normal,48,70,30,30,30,45,253
734,Gumshoos,#0735,Normal,88,110,60,55,60,45,418
735,Grubbin,#0736,Bug,47,62,45,55,45,46,300
736,Charjabug,#0737,"Bug, Electric",57,82,95,55,75,36,400
737,Vikavolt,#0738,"Bug, Electric",77,70,90,145,75,43,500
738,Crabrawler,#0739,Fighting,47,82,57,42,47,63,338
739,Crabominable,#0740,"Fighting, Ice",97,132,77,62,67,43,478
740,Oricorio,#0741,"Fire, Flying",75,70,70,98,70,93,476
741,Cutiefly,#0742,"Bug, Fairy",40,45,40,55,40,84,304
742,Ribombee,#0743,"Bug, Fairy",60,55,60,95,70,124,464
743,Rockruff,#0744,Rock,45,65,40,30,40,60,280
744,Lycanroc,#0745,Rock,75,115,65,55,65,112,487
745,Wishiwashi,#0746,Water,45,20,20,25,25,40,175
746,Mareanie,#0747,"Poison, Water",50,53,62,43,52,45,305
747,Toxapex,#0748,"Poison, Water",50,63,152,53,142,35,495
748,Mudbray,#0749,Ground,70,100,70,45,55,45,385
749,Mudsdale,#0750,Ground,100,125,100,55,85,35,500
750,Dewpider,#0751,"Water, Bug",38,40,52,40,72,27,269
751,Araquanid,#0752,"Water, Bug",68,70,92,50,132,42,454
752,Fomantis,#0753,Grass,40,55,35,50,35,35,250
753,Lurantis,#0754,Grass,70,105,90,80,90,45,480
754,Morelull,#0755,"Grass, Fairy",40,35,55,65,75,15,285
755,Shiinotic,#0756,"Grass, Fairy",60,45,80,90,100,30,405
756,Salandit,#0757,"Poison, Fire",48,44,40,71,40,77,320
757,Salazzle,#0758,"Poison, Fire",68,64,60,111,60,117,480
758,Stufful,#0759,"Normal, Fighting",70,75,50,45,50,50,340
759,Bewear,#0760,"Normal, Fighting",120,125,80,55,60,60,500
760,Bounsweet,#0761,Grass,42,30,38,30,38,32,210
761,Steenee,#0762,Grass,52,40,48,40,48,62,290
762,Tsareena,#0763,Grass,72,120,98,50,98,72,510
763,Comfey,#0764,Fairy,51,52,90,82,110,100,485
764,Oranguru,#0765,"Normal, Psychic",90,60,80,90,110,60,490
765,Passimian,#0766,Fighting,100,120,90,40,60,80,490
766,Wimpod,#0767,"Bug, Water",25,35,40,20,30,80,230
767,Golisopod,#0768,"Bug, Water",75,125,140,60,90,40,530
768,Sandygast,#0769,"Ghost, Ground",55,55,80,70,45,15,320
769,Palossand,#0770,"Ghost, Ground",85,75,110,100,75,35,480
770,Pyukumuku,#0771,Water,55,60,130,30,130,5,410
771,Type: Null,#0772,Normal,95,95,95,95,95,59,534
772,Silvally,#0773,Normal,95,95,95,95,95,95,570
773,Minior,#0774,"Rock, Flying",60,60,100,60,100,60,440
774,Komala,#0775,Normal,65,115,65,75,95,65,480
775,Turtonator,#0776,"Fire, Dragon",60,78,135,91,85,36,485
776,Togedemaru,#0777,"Electric, Steel",65,98,63,40,73,96,435
777,Mimikyu,#0778,"Ghost, Fairy",55,90,80,50,105,96,476
778,Bruxish,#0779,"Water, Psychic",68,105,70,70,70,92,475
779,Drampa,#0780,"Normal, Dragon",78,60,85,135,91,36,485
780,Dhelmise,#0781,"Ghost, Grass",70,131,100,86,90,40,517
781,Jangmo-o,#0782,Dragon,45,55,65,45,45,45,300
782,Hakamo-o,#0783,"Dragon, Fighting",55,75,90,65,70,65,420
783,Kommo-o,#0784,"Dragon, Fighting",75,110,125,100,105,85,600
784,Tapu Koko,#0785,"Electric, Fairy",70,115,85,95,75,130,570
785,Tapu Lele,#0786,"Psychic, Fairy",70,85,75,130,115,95,570
786,Tapu Bulu,#0787,"Grass, Fairy",70,130,115,85,95,75,570
787,Tapu Fini,#0788,"Water, Fairy",70,75,115,95,130,85,570
788,Cosmog,#0789,Psychic,43,29,31,29,31,37,200
789,Cosmoem,#0790,Psychic,43,29,131,29,131,37,400
790,Solgaleo,#0791,"Psychic, Steel",137,137,107,113,89,97,680
791,Lunala,#0792,"Psychic, Ghost",137,113,89,137,107,97,680
792,Nihilego,#0793,"Rock, Poison",109,53,47,127,131,103,570
793,Buzzwole,#0794,"Bug, Fighting",107,139,139,53,53,79,570
794,Pheromosa,#0795,"Bug, Fighting",71,137,37,137,37,151,570
795,Xurkitree,#0796,Electric,83,89,71,173,71,83,570
796,Celesteela,#0797,"Steel, Flying",97,101,103,107,101,61,570
797,Kartana,#0798,"Grass, Steel",59,181,131,59,31,109,570
798,Guzzlord,#0799,"Dark, Dragon",223,101,53,97,53,43,570
799,Necrozma,#0800,Psychic,97,107,101,127,89,79,600
800,Magearna,#0801,"Steel, Fairy",80,95,115,130,115,65,600
801,Marshadow,#0802,"Fighting, Ghost",90,125,80,90,90,125,600
802,Poipole,#0803,Poison,67,73,67,73,67,73,420
803,Naganadel,#0804,"Poison, Dragon",73,73,73,127,73,121,540
804,Stakataka,#0805,"Rock, Steel",61,131,211,53,101,13,570
805,Blacephalon,#0806,"Fire, Ghost",53,127,53,151,79,107,570
806,Zeraora,#0807,Electric,88,112,75,102,80,143,600
807,Meltan,#0808,Steel,46,65,65,55,35,34,300
808,Melmetal,#0809,Steel,135,143,143,80,65,34,600
809,Grookey,#0810,Grass,50,65,50,40,40,65,310
810,Thwackey,#0811,Grass,70,85,70,55,60,80,420
811,Rillaboom,#0812,Grass,100,125,90,60,70,85,530
812,Scorbunny,#0813,Fire,50,71,40,40,40,69,310
813,Raboot,#0814,Fire,65,86,60,55,60,94,420
814,Cinderace,#0815,Fire,80,116,75,65,75,119,530
815,Sobble,#0816,Water,50,40,40,70,40,70,310
816,Drizzile,#0817,Water,65,60,55,95,55,90,420
817,Inteleon,#0818,Water,70,85,65,125,65,120,530
818,Skwovet,#0819,Normal,70,55,55,35,35,25,275
819,Greedent,#0820,Normal,120,95,95,55,75,20,460
820,Rookidee,#0821,Flying,38,47,35,33,35,57,245
821,Corvisquire,#0822,Flying,68,67,55,43,55,77,365
822,Corviknight,#0823,"Flying, Steel",98,87,105,53,85,67,495
823,Blipbug,#0824,Bug,25,20,20,25,45,45,180
824,Dottler,#0825,"Bug, Psychic",50,35,80,50,90,30,335
825,Orbeetle,#0826,"Bug, Psychic",60,45,110,80,120,90,505
826,Nickit,#0827,Dark,40,28,28,47,52,50,245
827,Thievul,#0828,Dark,70,58,58,87,92,90,455
828,Gossifleur,#0829,Grass,40,40,60,40,60,10,250
829,Eldegoss,#0830,Grass,60,50,90,80,120,60,460
830,Wooloo,#0831,Normal,42,40,55,40,45,48,270
831,Dubwool,#0832,Normal,72,80,100,60,90,88,490
832,Chewtle,#0833,Water,50,64,50,38,38,44,284
833,Drednaw,#0834,"Water, Rock",90,115,90,48,68,74,485
834,Yamper,#0835,Electric,59,45,50,40,50,26,270
835,Boltund,#0836,Electric,69,90,60,90,60,121,490
836,Rolycoly,#0837,Rock,30,40,50,40,50,30,240
837,Carkol,#0838,"Rock, Fire",80,60,90,60,70,50,410
838,Coalossal,#0839,"Rock, Fire",110,80,120,80,90,30,510
839,Applin,#0840,"Grass, Dragon",40,40,80,40,40,20,260
840,Flapple,#0841,"Grass, Dragon",70,110,80,95,60,70,485
841,Appletun,#0842,"Grass, Dragon",110,85,80,100,80,30,485
842,Silicobra,#0843,Ground,52,57,75,35,50,46,315
843,Sandaconda,#0844,Ground,72,107,125,65,70,71,510
844,Cramorant,#0845,"Flying, Water",70,85,55,85,95,85,475
845,Arrokuda,#0846,Water,41,63,40,40,30,66,280
846,Barraskewda,#0847,Water,61,123,60,60,50,136,490
847,Toxel,#0848,"Electric, Poison",40,38,35,54,35,40,242
848,Toxtricity,#0849,"Electric, Poison",75,98,70,114,70,75,502
849,Sizzlipede,#0850,"Fire, Bug",50,65,45,50,50,45,305
850,Centiskorch,#0851,"Fire, Bug",100,115,65,90,90,65,525
851,Clobbopus,#0852,Fighting,50,68,60,50,50,32,310
852,Grapploct,#0853,Fighting,80,118,90,70,80,42,480
853,Sinistea,#0854,Ghost,40,45,45,74,54,50,308
854,Polteageist,#0855,Ghost,60,65,65,134,114,70,508
855,Hatenna,#0856,Psychic,42,30,45,56,53,39,265
856,Hattrem,#0857,Psychic,57,40,65,86,73,49,370
857,Hatterene,#0858,"Psychic, Fairy",57,90,95,136,103,29,510
858,Impidimp,#0859,"Dark, Fairy",45,45,30,55,40,50,265
859,Morgrem,#0860,"Dark, Fairy",65,60,45,75,55,70,370
860,Grimmsnarl,#0861,"Dark, Fairy",95,120,65,95,75,60,510
861,Obstagoon,#0862,"Dark, Normal",93,90,101,60,81,95,520
862,Perrserker,#0863,Steel,70,110,100,50,60,50,440
863,Cursola,#0864,Ghost,60,95,50,145,130,30,510
864,Sirfetch'd,#0865,Fighting,62,135,95,68,82,65,507
865,Mr. Rime,#0866,"Ice, Psychic",80,85,75,110,100,70,520
866,Runerigus,#0867,"Ground, Ghost",58,95,145,50,105,30,483
867,Milcery,#0868,Fairy,45,40,40,50,61,34,270
868,Alcremie,#0869,Fairy,65,60,75,110,121,64,495
869,Falinks,#0870,Fighting,65,100,100,70,60,75,470
870,Pincurchin,#0871,Electric,48,101,95,91,85,15,435
871,Snom,#0872,"Ice, Bug",30,25,35,45,30,20,185
872,Frosmoth,#0873,"Ice, Bug",70,65,60,125,90,65,475
873,Stonjourner,#0874,Rock,100,125,135,20,20,70,470
874,Eiscue,#0875,Ice,75,80,110,65,90,50,470
875,Indeedee,#0876,"Psychic, Normal",60,65,55,105,95,95,475
876,Morpeko,#0877,"Electric, Dark",58,95,58,70,58,97,436
877,Cufant,#0878,Steel,72,80,49,40,49,40,330
878,Copperajah,#0879,Steel,122,130,69,80,69,30,500
879,Dracozolt,#0880,"Electric, Dragon",90,100,90,80,70,75,505
880,Arctozolt,#0881,"Electric, Ice",90,100,90,90,80,55,505
881,Dracovish,#0882,"Water, Dragon",90,90,100,70,80,75,505
882,Arctovish,#0883,"Water, Ice",90,90,100,80,90,55,505
883,Duraludon,#0884,"Steel, Dragon",70,95,115,120,50,85,535
884,Dreepy,#0885,"Dragon, Ghost",28,60,30,40,30,82,270
885,Drakloak,#0886,"Dragon, Ghost",68,80,50,60,50,102,410
886,Dragapult,#0887,"Dragon, Ghost",88,120,75,100,75,142,600
887,Zacian,#0888,Fairy,92,120,115,80,115,138,660
888,Zamazenta,#0889,Fighting,92,120,115,80,115,138,660
889,Eternatus,#0890,"Poison, Dragon",140,85,95,145,95,130,690
890,Kubfu,#0891,Fighting,60,90,60,53,50,72,385
891,Urshifu,#0892,"Fighting, Dark",100,130,100,63,60,97,550
892,Zarude,#0893,"Dark, Grass",105,120,105,70,95,105,600
893,Regieleki,#0894,Electric,80,100,50,100,50,200,580
894,Regidrago,#0895,Dragon,200,100,50,100,50,80,580
895,Glastrier,#0896,Ice,100,145,130,65,110,30,580
896,Spectrier,#0897,Ghost,100,65,60,145,80,130,580
897,Calyrex,#0898,"Psychic, Grass",100,80,80,80,80,80,500
898,Wyrdeer,#0899,"Normal, Psychic",103,105,72,105,75,65,525
899,Kleavor,#0900,"Bug, Rock",70,135,95,45,70,85,500
900,Ursaluna,#0901,"Ground, Normal",130,140,105,45,80,50,550
901,Basculegion,#0902,"Water, Ghost",120,112,65,80,75,78,530
902,Sneasler,#0903,"Fighting, Poison",80,130,60,40,80,120,510
903,Overqwil,#0904,"Dark, Poison",85,115,95,65,65,85,510
904,Enamorus,#0905,"Fairy, Flying",74,115,70,135,80,106,580
905,Sprigatito,#0906,Grass,40,61,54,45,45,65,310
906,Floragato,#0907,Grass,61,80,63,60,63,83,410
907,Meowscarada,#0908,"Grass, Dark",76,110,70,81,70,123,530
908,Fuecoco,#0909,Fire,67,45,59,63,40,36,310
909,Crocalor,#0910,Fire,81,55,78,90,58,49,411
910,Skeledirge,#0911,"Fire, Ghost",104,75,100,110,75,66,530
911,Quaxly,#0912,Water,55,65,45,50,45,50,310
912,Quaxwell,#0913,Water,70,85,65,65,60,65,410
913,Quaquaval,#0914,"Water, Fighting",85,120,80,85,75,85,530
914,Lechonk,#0915,Normal,54,45,40,35,45,35,254
915,Oinkologne,#0916,Normal,110,100,75,59,80,65,489
916,Tarountula,#0917,Bug,35,41,45,29,40,20,210
917,Spidops,#0918,Bug,60,79,92,52,86,35,404
918,Nymble,#0919,Bug,33,46,40,21,25,45,210
919,Lokix,#0920,"Bug, Dark",71,102,78,52,55,92,450
920,Pawmi,#0921,Electric,45,50,20,40,25,60,240
921,Pawmo,#0922,"Electric, Fighting",60,75,40,50,40,85,350
922,Pawmot,#0923,"Electric, Fighting",70,115,70,70,60,105,490
923,Tandemaus,#0924,Normal,50,50,45,40,45,75,305
924,Maushold,#0925,Normal,74,75,70,65,75,111,470
925,Fidough,#0926,Fairy,37,55,70,30,55,65,312
926,Dachsbun,#0927,Fairy,57,80,115,50,80,95,477
927,Smoliv,#0928,"Grass, Normal",41,35,45,58,51,30,260
928,Dolliv,#0929,"Grass, Normal",52,53,60,78,78,33,354
929,Arboliva,#0930,"Grass, Normal",78,69,90,125,109,39,510
930,Squawkabilly,#0931,"Normal, Flying",82,96,51,45,51,92,417
931,Nacli,#0932,Rock,55,55,75,35,35,25,280
932,Naclstack,#0933,Rock,60,60,100,35,65,35,355
933,Garganacl,#0934,Rock,100,100,130,45,90,35,500
934,Charcadet,#0935,Fire,40,50,40,50,40,35,255
935,Armarouge,#0936,"Fire, Psychic",85,60,100,125,80,75,525
936,Ceruledge,#0937,"Fire, Ghost",75,125,80,60,100,85,525
937,Tadbulb,#0938,Electric,61,31,41,59,35,45,272
938,Bellibolt,#0939,Electric,109,64,91,103,83,45,495
939,Wattrel,#0940,"Electric, Flying",40,40,35,55,40,70,280
940,Kilowattrel,#0941,"Electric, Flying",70,70,60,105,60,125,490
941,Maschiff,#0942,Dark,60,78,60,40,51,51,340
942,Mabosstiff,#0943,Dark,80,120,90,60,70,85,505
943,Shroodle,#0944,"Poison, Normal",40,65,35,40,35,75,290
944,Grafaiai,#0945,"Poison, Normal",63,95,65,80,72,110,485
945,Bramblin,#0946,"Grass, Ghost",40,65,30,45,35,60,275
946,Brambleghast,#0947,"Grass, Ghost",55,115,70,80,70,90,480
947,Toedscool,#0948,"Ground, Grass",40,40,35,50,100,70,335
948,Toedscruel,#0949,"Ground, Grass",80,70,65,80,120,100,515
949,Klawf,#0950,Rock,70,100,115,35,55,75,450
950,Capsakid,#0951,Grass,50,62,40,62,40,50,304
951,Scovillain,#0952,"Grass, Fire",65,108,65,108,65,75,486
952,Rellor,#0953,Bug,41,50,60,31,58,30,270
953,Rabsca,#0954,"Bug, Psychic",75,50,85,115,100,45,470
954,Flittle,#0955,Psychic,30,35,30,55,30,75,255
955,Espathra,#0956,Psychic,95,60,60,101,60,105,481
956,Tinkatink,#0957,"Fairy, Steel",50,45,45,35,64,58,297
957,Tinkatuff,#0958,"Fairy, Steel",65,55,55,45,82,78,380
958,Tinkaton,#0959,"Fairy, Steel",85,75,77,70,105,94,506
959,Wiglett,#0960,Water,10,55,25,35,25,95,245
960,Wugtrio,#0961,Water,35,100,50,50,70,120,425
961,Bombirdier,#0962,"Flying, Dark",70,103,85,60,85,82,485
962,Finizen,#0963,Water,70,45,40,45,40,75,315
963,Palafin,#0964,Water,100,70,72,53,62,100,457
964,Varoom,#0965,"Steel, Poison",45,70,63,30,45,47,300
965,Revavroom,#0966,"Steel, Poison",80,119,90,54,67,90,500
966,Cyclizar,#0967,"Dragon, Normal",70,95,65,85,65,121,501
967,Orthworm,#0968,Steel,70,85,145,60,55,65,480
968,Glimmet,#0969,"Rock, Poison",48,35,42,105,60,60,350
969,Glimmora,#0970,"Rock, Poison",83,55,90,130,81,86,525
970,Greavard,#0971,Ghost,50,61,60,30,55,34,290
971,Houndstone,#0972,Ghost,72,101,100,50,97,68,488
972,Flamigo,#0973,"Flying, Fighting",82,115,74,75,64,90,500
973,Cetoddle,#0974,Ice,108,68,45,30,40,43,334
974,Cetitan,#0975,Ice,170,113,65,45,55,73,521
975,Veluza,#0976,"Water, Psychic",90,102,73,78,65,70,478
976,Dondozo,#0977,Water,150,100,115,65,65,35,530
977,Tatsugiri,#0978,"Dragon, Water",68,50,60,120,95,82,475
978,Annihilape,#0979,"Fighting, Ghost",110,115,80,50,90,90,535
979,Clodsire,#0980,"Poison, Ground",130,75,60,45,100,20,430
980,Farigiraf,#0981,"Normal, Psychic",120,90,70,110,70,60,520
981,Dudunsparce,#0982,Normal,125,100,80,85,75,55,520
982,Kingambit,#0983,"Dark, Steel",100,135,120,60,85,50,550
983,Great Tusk,#0984,"Ground, Fighting",115,131,131,53,53,87,570
984,Scream Tail,#0985,"Fairy, Psychic",115,65,99,65,115,111,570
985,Brute Bonnet,#0986,"Grass, Dark",111,127,99,79,99,55,570
986,Flutter Mane,#0987,"Ghost, Fairy",55,55,55,135,135,135,570
987,Slither Wing,#0988,"Bug, Fighting",85,135,79,85,105,81,570
988,Sandy Shocks,#0989,"Electric, Ground",85,81,97,121,85,101,570
989,Iron Treads,#0990,"Ground, Steel",90,112,120,72,70,106,570
990,Iron Bundle,#0991,"Ice, Water",56,80,114,124,60,136,570
991,Iron Hands,#0992,"Fighting, Electric",154,140,108,50,68,50,570
992,Iron Jugulis,#0993,"Dark, Flying",94,80,86,122,80,108,570
993,Iron Moth,#0994,"Fire, Poison",80,70,60,140,110,110,570
994,Iron Thorns,#0995,"Rock, Electric",100,134,110,70,84,72,570
995,Frigibax,#0996,"Dragon, Ice",65,75,45,35,45,55,320
996,Arctibax,#0997,"Dragon, Ice",90,95,66,45,65,62,423
997,Baxcalibur,#0998,"Dragon, Ice",115,145,92,75,86,87,600
998,Gimmighoul,#0999,Ghost,45,30,70,75,70,10,300
999,Gholdengo,#1000,"Steel, Ghost",87,60,95,133,91,84,550
1000,Wo-Chien,#1001,"Dark, Grass",85,85,100,95,135,70,570
1001,Chien-Pao,#1002,"Dark, Ice",80,120,80,90,65,135,570
1002,Ting-Lu,#1003,"Dark, Ground",155,110,125,55,80,45,570
1003,Chi-Yu,#1004,"Dark, Fire",55,80,80,135,120,100,570
1004,Roaring Moon,#1005,"Dragon, Dark",105,139,71,55,101,119,590
1005,Iron Valiant,#1006,"Fairy, Fighting",74,130,90,120,60,116,590
1006,Koraidon,#1007,"Fighting, Dragon",100,135,115,85,100,135,670
1007,Miraidon,#1008,"Electric, Dragon",100,85,100,135,115,135,670
1008,Walking Wake,#1009,"Water, Dragon",99,83,91,125,83,109,590
1009,Iron Leaves,#1010,"Grass, Psychic",90,130,88,70,108,104,590
1010,Dipplin,#1011,"Grass, Dragon",80,80,110,95,80,40,485
1011,Poltchageist,#1012,"Grass, Ghost",40,45,45,74,54,50,308
1012,Sinistcha,#1013,"Grass, Ghost",71,60,106,121,80,70,508
1013,Okidogi,#1014,"Poison, Fighting",88,128,115,58,86,80,555
1014,Munkidori,#1015,"Poison, Psychic",88,75,66,130,90,106,555
1015,Fezandipiti,#1016,"Poison, Fairy",88,91,82,70,125,99,555
1016,Ogerpon,#1017,Grass,80,120,84,60,96,110,550
1017,Archaludon,#1018,"Steel, Dragon",90,105,130,125,65,85,600
1018,Hydrapple,#1019,"Grass, Dragon",106,80,110,120,80,44,540
1019,Gouging Fire,#1020,"Fire, Dragon",105,115,121,65,93,91,590
1020,Raging Bolt,#1021,"Electric, Dragon",125,73,91,137,89,75,590
1021,Iron Boulder,#1022,"Rock, Psychic",90,120,80,68,108,124,590
1022,Iron Crown,#1023,"Steel, Psychic",90,72,100,122,108,98,590
1023,Terapagos,#1024,Normal,90,65,85,65,85,60,450
1024,Pecharunt,#1025,"Poison, Ghost",88,88,160,88,88,88,600
